	water	octanol	hexadecane	chloroform	cyclohexane	carbontet	benzene	diethylether	heptane	hexane	toluene	xylene	decane	dichloroethane	octane	chlorobenzene	isooctane	ethylbenzene	bromobenzene	pentane	decalin	nonane	pentanol	diisopropylether	butylacetate	ethylacetate	butanol	iodobenzene	isopropylbenzene	isobutanol	tributylphosphate	perfluorobenzene	carbondisulfide	dibutylether	nitrobenzene	hexanol	tbutylbenzene	undecane	butanone	4methyl2pentanone	bromoform	heptanol	trimethylbenzene	odichlorobenzene	chlorohexane	methylenechloride	decanol	butylbenzene	benzylalcohol	tetrachloroethene	nonanol	aniline	dibromoethane	cyclohexanone	acetophenone	tetralin	secbutanol	hexadecyliodide	pentadecane	anisole	ethanol	dodecane	mesitylene	pyridine	dimethylsulfoxide	nitromethane	ethoxybenzene	isopropanol	triethylamine	propanol	tetrahydrothiophenedioxide	acetonitrile	benzonitrile	nitroethane	mcresol	dimethylformamide	dimethylacetamide	bromoethane	fluorobenzene	methylformamide	aceticacid	tetrahydrofuran	fluoroctane	dimethylpyridine	onitrotoluene	phenylether	2methylpyridine	methoxyethanol	secbutylbenzene	bromooctane
ethanol	-5.01	-4.36	-2.03	-3.94	-2.42	-2.96	-3.42	-4.41	-2.15	-2.73	-3.33	-3.42	-2.44	-2.83	-2.15	-3.3	-2.44	-2.49	-3.26	-2.15		-2.15		-3.9	-3.97	-4.24	-5.02	-3.18	-2.9		-4.57		-2.72	-3.51					-4.46		-3.24			-2.34		-3.82			-4.84			-4.45	-2.69	-4.41	-4.12	-1.54				-3.59	-5.04	-2.06		-5.08	-5.25	-4.16	-3.45	-4.84	-4.02	-5.01	-4.3	-4.43	-4.05	-3.98	-5.58	-5.23	-5.4		-3.45	-5.12	-5.25	-4.56		-4.87		-3.22	-5.01	-4.71		
toluene		-4.55	-4.54	-5.48	-4.9	-5.12	-5.32	-5.23	-4.78	-4.84	-5.12	-5.06	-4.65		-4.82	-5.18	-4.68		-5.13		-4.37		-4.25	-4.91		-5.05	-4.5	-4.99					-5.39	-4.87		-4.27		-4.81	-5.06			-4.33				-5.53			-4.46		-4.34	-4.57		-5.05	-4.9			-4.41		-4.95	-4.57			-5.1	-4.42	-4.52	-4.99	-4.38	-4.98	-4.47	-4.23	-4.68	-4.95	-4.88	-4.58	-4.88	-4.94	-5.55	-5.27	-4.34	-4.53	-5.5		-5.03		-4.86	-5.06	-4.49		
2-butanone	-3.64	-3.78	-3.12	-5.43	-3.48	-4.09	-4.46	-4.09	-3.36	-3.48	-4.27	-4.23	-3.3		-3.24	-4.47	-3.4	-4.12	-4.37			-3.2		-3.96			-4.12	-4.22	-4.02				-3.85	-3.78			-3.94		-4.5				-3.97		-4.1				-4.57			-4.87		-4.42	-4.39	-3.12				-4.43	-4.32		-3.95	-4.61	-4.23	-4.72	-4.28	-4.07	-3.86	-4.15	-4.09	-4.73	-4.58	-4.73	-5.98	-4.56	-4.52	-5.13	-4.6	-4.34	-4.8	-4.54		-4.34		-4.08	-4.52	-4.28		
n-octane	2.89	-4.18	-5.02	-5.25	-5.63	-5.39	-5.35	-5.62		-5.46	-5.38	-5.29	-5.18		-5.28	-5.16	-5.44		-5.02					-5.38		-4.72	-4.45	-4.72					-5.68	-5.24					-4.64							-5.18			-3.77			-3.48		-4.57	-4.24					-4.62	-4.23			-4.5	-2.84	-3.15	-4.75	-4.5	-5.62	-4.39	-2.44	-3.57	-4.34	-3.89	-4.02	-3.77	-3.94	-5.54	-4.99	-3.34	-3.93	-5.39		-4.88		-4.38	-4.73	-3.71		
nitromethane	-3.95	-3.51	-2.58	-4.68	-2.86	-3.52	-4.5	-4.19		-2.9	-4.31	-4.2	-2.81			-4.32	-2.82		-4.25					-3.9		-5.06	-3.93	-4.1				-4.3	-3.3	-3.67	-4.9				-5.24							-5.05			-4.53			-5.11		-5.09	-4.92					-4.69	-4.34			-5.11	-5.66	-5.38	-4.45	-4.0	-3.63	-4.04	-5.28	-5.62	-5.05	-5.35	-4.73	-5.66	-5.62	-4.54	-4.62	-5.11	-4.88	-5.09				-4.19		-5.06		
"1,4-dioxane"	-5.05	-4.89	-3.82	-6.21	-4.17	-4.97	-5.21	-4.67		-4.08	-4.91	-4.86	-3.97			-5.08	-4.02		-5.02					-4.42		-5.03		-4.94					-4.67	-4.37					-5.02							-5.33			-5.39			-5.65		-4.95	-5.03					-5.06	-4.68			-5.14	-4.9	-5.46	-4.87	-4.49	-4.41	-4.61	-4.9	-5.33	-5.14	-5.28	-6.82	-5.03	-5.01	-5.39	-5.18	-4.86	-5.8	-5.17		-4.9		-4.83	-5.01	-4.91		
phenol	-6.62	-8.69	-5.14	-7.14	-5.57	-6.14	-7.12	-8.75	-5.32	-5.49	-6.93	-6.83	-5.5	-7.48	-5.47	-6.96	-5.3	-6.82	-6.87	-5.67	-5.38	-5.6	-8.55	-8.35	-8.96	-8.7		-6.76					-6.27		-7.86	-8.76				-9.38	-6.88	-8.69				-7.5	-8.58	-6.76		-6.1	-8.61		-7.22										-6.8																						-7.79					
acetic acid	-6.7	-6.35	-2.39	-4.74	-1.73	-3.64	-4.02	-6.26		-2.83	-4.0	-4.08		-4.89							-4.49		-6.65	-5.73	-6.11	-6.46	-6.81			-6.8	-7.11		-2.98	-5.21	-4.78	-6.51			-6.88	-6.33	-4.54	-6.7							-6.96			-6.3		-6.43	-6.2		-6.81																								-5.3				-4.68					
ethyl acetate	-3.1	-4.06	-3.25	-5.58	-3.56	-4.4	-4.53		-3.5	-3.62	-4.41	-4.26	-3.43	-4.93	-3.48	-4.63		-4.31	-4.57	-3.69	-3.47	-3.45				-4.46			-4.22	-4.27		-4.56	-4.08				-4.22								-4.25					-4.22									-3.37																								-4.16						-4.11	-3.97
butyl acetate	-2.55	-4.96	-4.61	-6.71	-4.94	-5.59	-5.78		-4.83	-4.86	-5.57	-5.4	-4.66	-5.93	-4.8	-5.74		-5.48	-5.58	-4.88	-4.71	-4.69			-5.52				-5.36			-5.52					-5.25								-5.37			-5.28		-5.35									-4.49																								-5.22						-5.22	-5.11
propanoic acid	-6.47	-6.86	-3.12	-5.37	-3.78	-4.09	-4.75	-6.75	-4.06	-2.98	-4.57	-4.72		-5.12		-4.38					-4.42		-7.09	-6.37		-6.95	-7.17		-4.23	-6.98	-7.73			-6.11	-5.38				-7.05	-6.85												-6.2		-7.18			-7.0																					-5.52							-5.3					
methyl acetate	-3.32	-3.54	-2.67	-4.9	-3.06	-3.82	-4.04		-2.97	-3.12	-3.81	-3.7	-2.98	-4.55	-3.06	-4.0		-3.74	-3.87	-3.13	-2.9	-3.02										-4.23	-3.67				-3.57						-3.58		-3.66					-3.63									-2.82																								-3.59						-3.91	-3.35
1-hexanol	-4.36	-7.06	-4.92	-6.67	-5.31	-5.04	-6.13	-6.82	-4.89	-5.14	-6.12	-5.85	-4.97	-6.02	-4.86	-5.98	-5.1	-5.68	-5.92	-4.97		-4.97			-6.62	-6.92		-5.71			-7.68					-7.05					-6.2			-5.7									-6.08									-4.28																												
1-propanol	-4.83	-5.02	-2.77	-4.41	-2.73	-3.64	-3.87	-4.9	-3.01	-2.81	-3.71	-3.57	-2.76	-3.85	-2.76	-3.82	-3.0	-3.71	-3.74	-2.76		-2.76			-4.52	-4.9		-3.52			-5.42										-4.03			-3.47									-3.82									-2.74								-5.29																				
1-butanol	-4.72	-5.71	-3.55	-5.28	-3.52	-4.2	-4.45	-5.69	-3.66	-3.77	-4.31	-4.17	-3.77	-4.92	-3.69	-4.31	-3.56	-3.77	-4.08	-3.77		-3.77			-5.23	-5.77	-6.03	-4.05			-6.28										-4.72			-3.9									-4.65									-3.47																												
1-pentanol	-4.47	-6.4	-4.24	-5.9	-3.61	-4.73	-5.1	-6.11	-4.09	-4.38	-5.17	-4.72	-3.92	-5.45	-4.1	-5.25	-4.17	-4.72	-5.06	-3.92		-3.92	-7.92		-5.78	-6.13		-5.02			-6.69										-5.34			-4.93									-5.44									-4.09																												
butylamine	-4.29	-5.33				-5.35		-4.24	-3.55	-3.62	-4.33		-3.55	-4.34	-3.44		-3.57	-4.43	-4.22		-3.72	-3.55	-5.55					-4.19	-4.06			-4.13				-5.5		-3.55				-5.4		-4.13			-5.22		-5.15	-4.49	-5.35						-5.52			-4.44											-4.25																			
propyl acetate	-2.86	-4.55	-3.93	-6.35	-4.36	-5.03	-5.21		-4.09	-4.1	-5.0	-4.87	-4.02	-5.4	-4.09	-5.15		-4.95	-4.93	-4.21	-4.05	-4.07							-4.78			-5.06	-4.63				-4.72								-4.84					-4.8									-3.91																								-4.65						-4.62	-4.48
methanol	-5.11	-3.87	-1.32	-3.32	-1.29	-2.25	-2.58	-3.61	-1.29	-1.49	-2.18	-1.73	-1.29	-2.53	-1.29	-2.44		-1.43	-2.31	-1.29		-1.29			-3.04	-3.37	-4.73	-2.18			-4.16				-2.93						-2.79			-1.73									-2.38																																					
1-heptanol	-4.24	-7.75	-5.62	-7.53	-6.02	-6.49	-6.85	-7.51	-5.6	-5.75	-6.75	-6.74	-5.62	-6.79	-5.56	-6.78		-6.7	-6.68	-5.62		-5.62			-7.14	-7.56		-6.53			-7.98										-7.1	-7.84		-6.5									-6.64									-5.41																												
ethylamine	-4.5	-4.09	-2.29	-4.02	-2.04	-2.77	-2.73	-2.89	-2.09	-2.09	-2.67	-3.01	-1.92	-3.19	-2.04	-2.73		-2.59	-2.73	-2.18		-1.98	-4.27				-4.5	-2.73			-3.29					-4.2						-4.15		-2.59			-3.91				-4.02																																							
propylamine	-4.39	-4.77	-2.92	-4.73		-3.59	-3.68	-3.65	-3.03	-3.13	-3.51	-3.69	-2.96	-4.04	-3.0	-3.59		-3.44	-3.57	-3.13		-2.96	-4.88				-5.04	-3.54			-3.98					-4.83						-4.8		-3.44			-4.59				-4.66																																							
methyl pentanoate	-2.57	-5.13	-4.69	-6.68	-5.04	-5.71	-5.83		-4.92	-4.94	-5.65	-5.61	-4.77	-5.97	-4.86	-5.83		-5.56		-4.96	-4.83	-4.85							-5.45			-5.59					-5.39						-5.41		-5.41			-5.37		-5.41									-4.59																								-5.33							
methyl propanoate	-2.93	-4.06	-2.68	-5.48	-3.71	-4.43	-4.58		-3.63	-3.65	-4.62	-4.2	-3.49	-4.87	-3.57	-4.55		-4.29		-3.69	-3.5	-3.5							-4.19								-4.17						-4.14		-4.2			-4.19		-4.39									-3.35																								-4.09							
p-cresol	-6.14	-8.84	-5.88	-7.59	-5.89	-6.32	-7.35		-5.77	-5.86	-7.56	-7.18	-6.0	-7.75	-6.19	-7.23	-5.59		-7.12		-5.68		-9.25		-9.28			-7.01							-8.13	-9.21						-9.16				-7.71	-8.91						-7.52																																					
pentyl acetate	-2.45		-5.2	-7.36	-5.71	-6.35	-6.53		-5.42	-5.52	-6.41	-6.19	-5.31	-6.64	-5.36	-6.49		-6.2	-6.35	-5.62	-5.44	-5.33							-6.13			-6.16					-5.92						-6.09																-5.18																														-5.98	-5.81
o-cresol	-5.87	-8.49	-5.78	-7.55	-6.02	-6.51	-7.44		-6.01	-6.25	-7.43	-7.25		-7.73	-6.16	-7.33	-5.68	-7.25	-7.26			-6.2	-8.57		-8.9			-7.14							-8.16	-8.76					-7.45	-8.78					-8.58																																											
p-bromophenol	-7.13	-10.59		-8.59	-7.14	-7.86	-8.81			-6.96	-8.7	-8.69		-9.1		-8.54		-8.54	-8.49				-10.62		-10.57			-8.45							-9.76	-10.51					-8.49	-10.49				-9.09	-10.32				-10.36		-9.01																																-9.57					
aniline		-6.71	-5.44	-7.34	-5.52	-6.1	-6.88	-6.51	-5.38	-5.43	-6.69	-6.1		-7.39	-4.84	-6.72	-5.2		-6.66	-5.15	-5.78		-6.44	-6.67	-7.3						-7.6				-7.15					-7.54												-7.61																																						
2-hexanone	-3.29	-5.02	-4.45		-4.77	-5.47	-5.76		-4.55	-4.68	-5.6	-5.49	-4.61		-4.6	-5.84	-4.72	-5.49		-4.79		-4.59							-5.39			-5.55					-5.27						-5.39		-5.42			-5.31								-4.64							-5.34																											
2-pentanone	-3.53	-4.35	-3.76		-4.19	-4.81	-5.14		-4.07		-5.02	-4.87	-3.93		-3.97	-5.29	-4.14	-4.85		-4.16		-3.97							-4.84			-5.1					-4.72						-4.83		-4.84			-4.74								-3.99							-4.8																											
2-heptanone	-3.04	-5.65	-5.13		-5.47	-6.12	-6.36		-5.22	-5.36	-6.3	-6.15	-5.18		-5.25	-6.46		-6.1		-5.4		-5.24							-5.99			-6.15					-5.88						-6.01					-5.93								-5.33							-5.99																											
butanoic acid	-6.36	-7.58	-3.86	-5.99		-4.81	-5.3	-7.32	-5.05		-5.24	-5.3		-5.83									-7.74	-6.85		-7.34	-7.66		-4.93	-7.62	-8.29				-5.84				-7.34	-7.44																	-7.34																												-5.76					
"3,3-dimethylbutanone"	-2.89	-4.53	-3.94		-4.42				-4.3	-4.34	-5.0	-4.91	-4.15		-4.21	-5.25		-4.92		-4.43		-4.19							-4.81			-5.26					-4.79						-4.8		-4.98			-4.77								-4.19							-4.77																											
acetone	-3.85	-3.15	-2.31	-4.42	-2.67	-3.35	-3.79		-2.61	-2.6	-3.59	-3.26	-2.47		-2.46	-3.86	-2.44	-3.41											-3.32			-3.82	-3.14												-3.45					-3.09						-2.54																																		
methyl hexanoate	-2.49		-5.43	-7.24	-5.75	-6.39	-6.47		-5.63	-5.64	-6.38	-6.26	-5.48	-6.57	-5.53					-5.67	-5.51	-5.51							-6.19			-6.21					-6.13						-6.16					-6.09											-5.35																															
benzene	-0.87	-3.72	-3.8	-4.64	-4.19	-4.5	-4.55	-4.21	-4.0	-3.96			-3.8				-4.01						-3.53				-3.39									-3.68		-4.05				-3.73									-3.82							-3.71																																
pyridine	-4.7	-5.34	-4.1	-6.45	-4.3	-5.01	-5.28	-4.81	-4.28	-3.81	-5.13	-5.12		-5.53										-4.88	-5.31					-5.87				-4.65						-5.33																								-5.47																										
m-cresol	-5.49	-8.2	-5.91	-6.7	-5.2		-6.66	-7.95	-5.01			-6.32		-6.91	-5.19						-5.11				-8.44			-6.04							-7.29	-8.42				-8.79							-8.01																												-8.4															
water	-6.31	-4.43	-0.35	-2.05	-0.39	-0.85	-1.71	-3.85			-1.69	-1.56						-1.51						-3.58	-4.13	-4.26			-1.41		-4.69															-2.63										0.07	-5.71																																	
diethylamine	-4.07	-4.75	-3.27	-5.23	-3.61	-4.12	-4.02	-3.83			-3.75	-3.93		-4.0	-3.42								-5.3	-3.78			-5.15			-4.86				-3.8						-3.63																																																		
hydrogen peroxide	-8.58			-4.7		-3.14	-4.77	-7.03			-3.14												-7.46	-6.72	-6.76	-7.6	-7.94			-7.93			-3.14	-5.75	-5.45																	-7.8		-9.11	-7.3																																			
pentanoic acid	-6.16	-8.22	-4.61	-6.61			-6.01	-7.87	-5.23		-5.89	-5.71		-6.47									-8.17	-7.59			-8.02			-8.06	-8.82				-6.47				-7.54																		-7.61																																	
hexanoic acid	-6.21	-8.82	-5.35	-7.51		-6.99	-6.94	-8.85	-6.54		-6.97	-6.67		-7.33									-8.99	-8.23			-8.75			-8.77					-7.26				-8.07																		-8.11																																	
4-methylaniline	-5.55	-7.44	-6.04	-8.01	-6.3	-7.24	-7.59		-6.15	-6.18	-7.39	-7.17	-6.05		-6.0	-7.54			-7.59						-7.81	-7.63																																																																
ethylbenzene	-0.8	-5.08	-5.15	-5.84	-4.97	-5.67		-5.45		-4.99			-5.25					-5.67					-4.48				-4.46									-4.54		-5.44				-4.58									-4.61																																							
trimethylamine	-3.23	-3.6	-2.21	-3.9	-2.63	-3.09	-2.8	-2.78			-2.71	-2.63				-2.82		-2.64						-2.74						-3.9										-2.86																																																		
chlorobenzene	-1.12	-5.0	-4.99	-5.45	-5.1	-5.21		-5.42	-5.15	-5.14			-4.93			-5.66					-4.61																	-5.12									-4.83														-3.3																													
acetophenone	-4.58	-6.74	-6.14	-7.81	-6.29	-7.1		-6.79	-6.14	-6.05				-7.83							-6.23																																		-7.59							-6.11																												
methylamine	-4.56	-3.78		-3.17		-2.53	-2.66	-2.32			-2.65	-3.2				-2.16							-3.95							-4.56										-4.14																																																		
nitrobenzene	-4.12	-6.63	-6.22	-7.78	-6.62	-6.92	-7.6	-6.85	-6.14	-6.09											-6.36														-7.94																																																							
bromobenzene	-1.46	-5.46	-5.51	-6.07	-5.29	-5.85		-5.99	-5.72	-5.66			-5.43						-6.25		-5.25																																																																					
naphthalene	-2.39	-6.97	-7.29	-7.89	-7.17	-7.55		-7.25	-7.02															-7.24	-7.59															-7.45																																																		
fluorobenzene	-0.78	-3.87	-4.03	-4.25	-3.59	-3.64			-4.13	-4.15			-3.48								-3.44																																																										-4.6											
benzamide	-10.9	-11.77		-11.06	-8.72	-9.13	-9.93	-10.6	-7.26	-7.77				-10.9																																																																												
benzaldehyde	-4.02	-6.13	-5.44	-7.09	-5.71	-6.11		-6.08	-5.5	-5.53				-7.23																																																																												
benzonitrile	-4.1	-6.09	-5.51	-7.22	-5.54	-6.28		-6.36	-5.33												-5.86																																																				-7.28																	
formaldehyde		-3.23	-0.99	0.12																			-3.44	-1.04			-3.49									-3.42			-1.77										-3.48								-2.86																																	
ammonia	-4.29		-0.93	-2.41		-1.06	-1.12	-1.41			-2.38					-1.22							-3.13																	-2.52																																																		
methyl benzoate	-3.91	-7.26	-6.31	-7.81	-7.01	-7.19	-6.27				-7.96						-6.71				-6.76																																																																					
dimethylamine	-4.29		-2.18	-3.69		-2.75	-3.01	-2.63			-2.68	-3.36				-2.75														-4.43																																																												
p-hydroxybenzaldehyde	-10.48	-12.36		-10.3	-7.19	-8.16	-9.73	-12.07		-9.18				-10.7										-11.63																																																																		
2-methylaniline	-5.56	-7.36	-6.08	-8.23	-6.44	-7.16	-7.37		-6.28						-6.06																																																																											
"1,4-dichlorobenzene"	-1.01	-5.67	-6.02	-6.32	-5.89	-6.28		-6.18	-5.81	-5.69																																																																																
1-nitropropane	-3.34	-4.44	-3.95		-4.06	-4.49					-5.25				-3.95		-3.94																-4.5																																																									
m-xylene		-5.25	-5.24	-5.86	-5.52	-5.71		-5.56	-5.67	-4.99							-5.12																																																																									
trimethylphosphate	-8.7	-7.81		-9.74	-5.67	-7.24	-8.02		-5.59	-5.82				-8.55																																																																												
triethylphosphate	-7.8	-8.88		-10.9	-7.6	-7.51	-8.58		-6.67	-6.78				-9.59																																																																												
trichloromethane	-1.07	-3.81	-3.38	-4.13						-3.17							-3.06			-3.26																		-3.42																				-3.36																																
anisole		-5.47	-5.35	-6.24	-5.38	-5.49		-5.71	-5.35												-5.0																																							-6.33																														
t-butanol	-4.51	-4.78	-2.74	-4.48	-2.93	-3.4	-3.7	-4.8																																																																																		
2-methyl-1-nitrobenzene	-3.59	-6.8	-6.52	-8.3	-6.71	-7.49		-7.21																																																																													-8.04					
n-pentane	2.33	-2.45	-2.95		-3.5		-2.99										-3.21			-3.35																																						-2.59																																
isopropanol		-4.62	-2.47	-4.28	-2.37	-3.15	-3.48	-4.44																																																												-4.82																						
acetonitrile	-3.89	-3.15	-2.37	-4.44	-1.87			-3.59	-2.06																																																															-4.85																		
"1,2-ethanediol"	-9.3	-7.44	-2.81	-5.98				-6.2																	-6.27	-6.82	-8.69																																																															
2-methylpyridine	-4.63	-6.14	-4.68	-6.98	-5.05		-5.86																											-5.2																																																					-5.71			
tripropylphosphate	-6.1	-8.65		-11.11	-7.71	-8.6	-9.34		-7.5	-7.24																																																																																
o-xylene		-5.07	-5.37	-6.23	-5.54	-6.07		-5.58	-5.52	-5.22																																																																																
dipropylamine	-3.66	-6.02	-4.57				-5.09	-4.96			-5.24	-5.35																		-5.87																																																												
N-methylaniline	-4.68	-6.94	-6.19		-6.33	-6.58	-6.64														-6.41																																																																					
3-methylaniline	-5.67	-7.57			-6.47	-7.23	-7.61		-6.35						-6.15																																																																											
n-hexane	2.49	-3.01	-3.64				-3.62			-4.0							-3.08																																									-3.26																																
tribromomethane	-1.98	-5.62	-5.16							-4.38										-4.83																		-4.84			-6.21																																																	
cyclohexane	1.23	-3.46	-4.04	-4.45	-4.43		-4.05																																																			-3.66																																
1-octanol	-4.09	-8.13	-6.3				-8.06	-7.25																	-8.17	-8.41																																																																
ethyl phenyl ether	-2.22	-5.65	-5.64	-7.16	-6.0																																																														-6.75																							
piperidine		-6.27		-6.37			-5.03	-4.82				-5.15																		-6.17																																																												
m-hydroxybenzaldehyde	-9.51	-11.39			-6.88		-9.29	-11.36						-10.11																																																																												
2-methoxyethanol	-6.77	-5.83						-5.12																							-6.14																-5.41				-5.61																																							
"1,2-dichlorobenzene"	-1.36	-6.01	-6.16						-6.01																													-6.11						-6.89																																														
thioanisole	-2.73	-6.47		-5.98	-5.66	-5.66															-5.54																																																																					
trichloroethene	-0.39	-3.75	-4.08		-4.29								-3.84																									-3.87																																																				
4-methylpyridine	-4.94	-6.6	-4.89	-7.5	-5.23		-6.17																																																																																			
"2,6-dimethylpyridine"	-4.6		-5.27	-7.74	-5.51		-6.39																																																																													-6.04						
n-heptane	2.62	-3.74	-4.33						-4.65																																																	-3.9																																
urea	-13.8	-10.93	-6.37	-8.56				-9.11																																																																																		
nitroethane	-3.71	-3.93	-3.29							-3.19																																																																-5.53																
diethyl ether		-2.89	-2.81	-4.32	-3.03			-3.39																																																																																		
1-butene	1.38	-1.89	-2.03			-2.48											-2.26																																																																									
2-methylpyrazine	-5.57	-5.87		-6.99											-4.7																			-5.12																																																								
hydrazine	-6.26	-3.44		-4.42			-4.02	-3.08																																																																																		
1-propanethiol	-1.05	-3.52	-3.66		-3.12												-3.78																																																																									
thiophenol	-2.55	-5.99	-5.61	-7.61																																										-7.11																																												
g-butyrolactone		-6.83									-4.7																												-4.47																						-4.58					-5.45																								
allyl alcohol	-5.08	-5.27	-2.73	-4.34				-4.87																																																																																		
p-xylene	-0.81	-5.19	-5.24						-5.52	-5.01																																																																																
dichloromethane	-1.36	-3.07	-2.76																																											-3.8												-2.76																																
acetamide	-9.71		-3.33	-7.05				-6.16					-2.85																																																																													
3-methylpyridine	-4.77	-6.4	-4.91	-7.35	-5.14																																																																																					
thiophene	-1.42	-3.89	-4.01	-5.83					-4.09																																																																																	
tetrachloroethene	0.05	-4.24	-4.88																																			-4.63												-5.39																																								
butanal	-3.18	-4.62	-3.1														-3.45													-4.82																																																												
"2,2,2-trifluoroethanol"	-4.31	-4.81	-1.67	-3.03	-1.53																																																																																					
"1,1,1-trichloroethane"	-0.25	-3.69	-3.73		-4.08																																	-3.82																																																				
tetrahydropyran	-3.12	-4.21	-4.08	-5.84	-4.41																																																																																					
isopropyl ether	-0.53		-4.02	-3.78																				-3.97																																																																		
tetrahydrofuran	-3.47	-3.93	-3.6																																																																															-4.25								
n-butane	2.08	-1.86	-2.2		-2.86																																																																																					
3-pentanone	-3.41	-4.36	-3.83		-4.3																																																																																					
"E-1,2-dichloroethene"	-0.76	-3.61	-3.11																																			-3.6																																																				
diethyl sulfide	-1.43	-4.09	-4.23	-6.4																																																																																						
dimethyl 4-nitrophenyl thiophosphate	-7.62	-11.7		-9.51			-9.21																																																																																			
propanal	-3.44	-4.13	-2.48					-3.85																																																																																		
difluorodichloromethane	1.69	-1.25		-1.55	-1.81																																																																																					
fluorotrichloromethane	0.82	-2.63		-2.62	-2.63																																																																																					
anthracene	-4.23	-10.47	-10.32						-10.0																																																																																	
hydrogen sulfide	-0.7		-0.72	-0.51				-0.6																																																																																		
bromoethane	-0.7	-2.9	-2.89																																																																											-3.67												
"N,N-dimethylformamide"		-6.14			-3.82			-5.31																																																																				-6.47														
acetaldehyde	-3.5		-1.68	-3.65				-2.85																																																																																		
n-propane	1.96	-1.26	-1.43		-2.09																																																																																					
2-octanone	-2.88	-6.38	-5.81						-5.68																																																																																	
2-ethylpyrazine	-5.51	-6.4		-7.72											-5.51																			-5.87																																																								
cyclopentanone	-4.68	-5.01	-4.39			-5.26																																																																																				
"N,N-dimethylacetamide"		-7.48		-8.38					-4.8																																																																				-6.77													
methylcyclohexane	1.71	-3.21	-4.43																																																							-4.07																																
1-nitrobutane	-3.08	-5.11	-4.66							-4.64																																																																																
propene	1.27	-1.14	-1.29														-1.61																																																																									
"1,1-dimethyl-3-phenylurea"	-9.63	-13.12		-13.64			-12.18																																																																																			
9-methyladenine	-13.6	-13.56		-12.51																																																																																						
quinoline		-8.43		-10.23	-7.38																																																																																					
N-methyl-2-pyrrolidinone		-8.63		-9.82					-5.8																																																																																	
2-chloropropane	-0.25	-2.84	-2.69																																																																																							
pyrrole		-5.28		-5.5	-3.77																																																																																					
dibromomethane	-2.11	-4.18	-3.94																																																																																							
chloroethane	-0.63	-2.58	-2.29																																																																																							
formamide		-7.8	-2.91					-5.97																																																																																		
pentylamine	-4.1		-4.28									-4.7																																																																														
1-chloropropane	-0.27	-3.06	-2.86																																																																																							
4-ethylpyridine	-4.74	-7.8	-2.45																																																																																							
"3,5-dimethylpyridine"	-4.84		-2.52				-7.64																																																																																			
"1,1,2-trichloroethane"	-1.95	-4.53	-4.49																																																																																							
morpholine	-7.17	-5.99		-6.72																																																																																						
"Z-1,2-dichloroethene"	-1.17	-3.71	-3.33																																																																																							
propionitrile	-3.85	-3.66	-2.84																																																																																							
"2,2'-dichlorobiphenyl"	-2.73	-9.41							-9.22																																																																																	
butanonitrile	-3.64	-4.25	-3.48																																																																																							
2-nitropropane	-3.14	-4.23	-3.47																																																																																							
hydrogen	2.33	1.76	1.64																																																																																							
piperazine	-7.4	-5.8																												-6.58																																																												
1-bromopropane	-0.56	-3.42	-3.57																																																																																							
"2,2-dimethylpropane"	2.5	-1.74	-2.48																																																																																							
diethyl 4-nitrophenyl thiophosphonate	-6.27	-11.31					-8.58																																																																																			
cyclopropane	0.75	-1.6	-1.78																																																																																							
dimethyl ether	-1.92	-2.06	-1.49																																																																																							
cyclopentane	1.2	-2.65	-3.38																																																																																							
"3,5-dibromo-4-hydroxybenzonitrile"	-9.0				-6.83					-9.67																																																																																
1-decanol		-9.88	-7.68																																												-9.58																																											
cyclopentanol	-5.49		-4.42					-6.5																																																																																		
ethanethiol	-1.3		-2.96														-3.13																																																																									
1-hexene	1.68	-2.94	-3.51																																																																																							
ethene	1.27	-0.27	-0.39																																																																																							
"s-trans-1,3-butadiene"	0.61	-2.1	-2.1																																																																																							
dimethyl disulfide	-1.83	-4.24	-4.84																																																																																							
2-methylpropene	1.16	-2.03				-2.63																																																																																				
1-pentene	1.66		-2.79														-2.36																																																																									
1-hexyne	0.29	-3.43	-3.42																																																																																							
1-pentyne	0.01	-2.79	-2.74																																																																																							
propyne	-0.31	-1.59	-1.4																																																																																							
2-methylpropane	2.32	-1.45	-1.92																																																																																							
"1,1,2-trichloro-1,2,2-trifluoroethane"	1.77	-2.54	-2.89																																																																																							
p-dibromobenzene	-2.3	-7.47							-7.55																																																																																	
pentanal	-3.03		-3.89														-4.24																																																																									
tetramethylsilane	3.04	-1.79	-2.92																																																																																							
2-bromopropane	-0.48	-3.4	-3.26																																																																																							
1-bromobutane	-0.41	-4.16	-4.24																																																																																							
methane	2.0	0.51	0.45																																																																																							
ethane	1.83	-0.64	-0.67																																																																																							
1-bromopentane	-0.08	-4.68	-4.93																																																																																							
3-bromopropene	-0.86	-3.3	-3.42																																																																																							
methyl butanoate	-2.83	-4.59	-4.01																																																																																							
ethyne	-0.01	-0.51	-0.2																																																																																							
methyl formate	-2.78	-2.82	-1.99																																																																																							
bromotoluene	-2.37	-6.36	-6.36																																																																																							
"2,2-dichloroethenyl dimethyl phosphate"	-6.61	-8.59					-9.09																																																																																			
"1-bromo-1-chloro-2,2,2-trifluoroethane"	-0.13	-3.27	-2.97																																																																																							
"dimethyl 4-bromo-2,5-dichlorophenyl thiophosphate"	-5.7	-12.3																																																																																								
"dimethyl 2,4,5-trichlorophenyl thiophosphate"	-5.06	-11.69																																																																																								
O-ethyl O'-4-bromo-2-chlorophenyl S-propyl phosphorothioate	-4.09	-10.49																																																																																								
"diethyl 2,4-dichlorophenyl thiophosphate"	-3.86	-10.87																																																																																								
methyl 3-methyl-4-thiomethoxyphenyl thiophosphate	-6.92	-12.55																																																																																								
ethyl 4-cyanophenyl phenylthiophosphonate	-5.1	-11.06																																																																																								
"4-amino-3,5,6-trichloropyridine-2-carboxylic acid"	-11.96	-12.37																																																																																								
diethyl disulfide	-1.63		-5.74																																																																																							
3-chloropropene	-0.57		-2.88																																																																																							
bromomethane	-0.82	-2.43																																																																																								
"2,2',3'-trichlorobiphenyl"	-1.99	-9.12																																																																																								
"2,3-dichlorobiphenyl"	-2.45	-9.23																																																																																								
1-bromo-isobutane	-0.03		-4.04																																																																																							
p-bromotoluene	-1.39		-6.19																																																																																							
bromotrifluoromethane	1.79	-0.75																																																																																								
chlorodifluoromethane	-0.5	-1.97																																																																																								
"1,1-difluoroethane"	-0.11	-1.13																																																																																								
"1-bromo-1,2,2,2-tetrafluoroethane"	0.52		-1.87																																																																																							
bromotrichloromethane	-0.93		-4.46																																																																																							
"1,1-dichloro-2,2-difluoroethyl methyl ether"		-4.02	-3.9																																																																																							
"1,1,1-trifluoropropan-2-ol"	-4.16	-5.12																																																																																								
"1,1,1,3,3,3-hexafluoropropan-2-ol"	-3.77	-5.76																																																																																								
"2,2,2-trifluorethyl vinyl  ether"	-0.12		-1.91																																																																																							
"2,6-dichlorobenzonitrile"	-5.22	-9.18																																																																																								
dimethyl sulfide	-1.54		-3.05																																																																																							
dipropyl sulfide	-1.27		-5.61																																																																																							
tetrafluoromethane	3.16	1.5																																																																																								
N-methylformamide		-6.97																																																																														-8.27										
"2,2,4-trimethylpentane"	2.85		-4.24																																																																																							
1-butyne	-0.16		-2.07																																																																																							
"2,4-dimethylpyridine"	-4.86		-5.52																																																																																							
methylhydrazine	-5.31	-3.88																																																																																								
5-nonanone	-2.67		-6.46																																																																																							
methyl propyl ether	-1.66	-3.63																																																																																								
"1,2-dimethoxyethane"	-4.84	-4.55	-3.63																																																																																							
"2,5-dimethylpyridine"	-4.72		-5.52																																																																																							
1-methylthymine	-10.4			-9.71																																																																																						
"3,4-dimethylpyridine"	-5.22		-2.58																																																																																							
2-methylpentane	2.52		-3.48																																																																																							
4-heptanone	-2.93		-5.2																																																																																							
octanal	-2.29		-5.98																																																																																							
ethyl formate	-2.65		-2.59																																																																																							
"2,4-dimethylpentane"	2.88		-3.87																																																																																							
E-2-pentene	1.34					-3.46																																																																																				
"a-[(4,6-dimethoxypyrimidin-2-ylcarbamoyl)sulfamoyl]-o-toluic acid (bensulfuron)"	-17.2																																																																																									
butyl nitrate	-2.1																																																																																									
nitroglycol	-5.7																																																																																									
"1,2-dinitroxypropane"	-5.0																																																																																									
isobutyl nitrate	-1.9																																																																																									
2-butyl nitrate	-1.8																																																																																									
5-Bromo-3-sec-butyl-6-methyl-uracil (bromacil)	-9.7																																																																																									
ethylene glycol mononitrate	-8.2																																																																																									
"2-chloro-N-(2,6-diethylphenyl)-N-(methoxymethyl)acetamide (alachlor)"	-8.2																																																																																									
2-methyl-2-(methylthio)propanal O-(N-methylcarbamoyl)oxime (aldicarb)	-9.8																																																																																									
"O,O-dimethyl S-[(4-oxo-1,2,3-benzotriazin-3(4H)-yl)methyl] dithiophosphate (azinphos methyl)"	-10.0																																																																																									
"N-butyl-N-ethyl-2,6-dinitro-4-(trifluoromethyl)aniline (benefin)"	-3.5																																																																																									
2-(ethylamino)-4-isopropylamino-6-methyl-thio-s-triazine (ametryn)	-7.7																																																																																									
phenyl formate 	-3.82																																																																																									
imidazole	-9.81																																																																																									
"1,3-diacetyloxypropan-2-yl acetate (glycerol triacetate)"	-8.84																																																																																									
n-hexadecane			-10.52																																																																																							
n-undecane																																						-7.22																																																				
dimethyl 5-(4-chloro)bicyclo[3.2.0]heptyl phosphate	-7.28																																																																																									
n-pentadecane																																																											-9.91																															
n-dodecane																																																														-7.83																												
n-decane													-6.53																																																																													
n-nonane																						-5.91																																																																				
m-bis(trifluoromethyl) benzene	1.07																																																																																									
"1,2-diethoxyethane"	-3.54																																																																																									
"N,N-dimethyl-p-methoxybenzamide"	-11.01																																																																																									
"N,N,4-trimethylbenzamide"	-9.76																																																																																									
bis(2-chloroethyl) ether	-4.23																																																																																									
"1,1-diacetoxyethane"	-4.97																																																																																									
"1,1-diethoxyethane"	-3.28																																																																																									
diethyl propanedioate	-6.0																																																																																									
dimethoxymethane	-2.93																																																																																									
ethylene glycol diacetate	-6.34																																																																																									
"3a,4,7,7a-tetrahydro-2-[(trichloromethyl)thio]- 1H-isoindole-1,3(2H)-dione (captan)"	-9.0																																																																																									
fluoroethane			-0.76																																																																																							
1-naphthyl methylcarbamate (carbaryl)	-9.5																																																																																									
3-t-butyl-5-chloro-6-methyluracil (terbacil)	-11.1																																																																																									
S-propyl butyl(ethyl)thiocarbamate (pebulate)	-3.6																																																																																									
"O,O-diethyl S-ethylthiomethyl phosphorodithioate (phorate)"	-4.4																																																																																									
"N-cyclopropylmethyl-2,6-dinitro-N-propyl-4-trifluoromethylaniline (profluralin)"	-2.5																																																																																									
"N2,N4-diisopropyl-6-methylthio-1,3,5-triazine-2,4-diamine (prometryn)"	-8.4																																																																																									
"N-(3,4-dichlorophenyl)propanamide (propanil)"	-7.8																																																																																									
5-amino-4-chloro-2-phenyl-3-(2H)-pyridazinone (pyrazon)	-16.4																																																																																									
"6-chloro-N,N'-diethyl-1,3,5-triazine-2,4-diamine (simazine)"	-10.2																																																																																									
"methyl 2-(4,6-dimethylpyrimidin-2-ylcarbamoylsulfamoyl)benzoate (sulfometuron-methyl)"	-20.3																																																																																									
"N2-tert-butyl-N4-ethyl-6-methylthio-1,3,5-triazine-2,4-diamine (terbutryn)"	-6.7																																																																																									
nitroxyacetone	-6.0																																																																																									
"3-(4-methoxy-6-methyl-1,3,5-triazin-2-ylcarbamoylsulfamoyl)thiophene-2-carboxylic acid (thifensulfuron)"	-16.2																																																																																									
"dimethyl (RS)-2,2,2-trichloro-1-hydroxyethylphosphonate (trichlorfon)"	-12.7																																																																																									
"a,a,a-trifluoro-2,6-dinitro-N,N-dipropyl-p-toluidine (trifluralin)"	-3.3																																																																																									
S-propyl dipropyl(thiocarbamate) (vernolate)	-4.1																																																																																									
4-amino-4'-nitroazobenzene	-11.2																																																																																									
1-amino-4-anilinoanthraquinone	-7.4																																																																																									
"1,4,5,8-tetraminoanthraquinone"	-8.9																																																																																									
1-amino-anthraquinone	-8.0																																																																																									
"O,O-diethyl-O-4-nitro-phenylthiophosphate (parathion)"	-6.7																																																																																									
"4-mesyl-2,6-dinitro-N,N-dipropylaniline (nitralin)"	-8.0																																																																																									
"2,3-dihydro-2,2-dimethyl-7-benzofuranyl methylcarbamate (carbofuran)"	-9.6																																																																																									
"N1,N1-diethyl-2,6-dinitro-4-trifluoromethyl-m-phenylenediamine (dinitramine)"	-5.7																																																																																									
"octachloro-4,7-methanohydroindane (chlordane)"	-3.4																																																																																									
"phosphoric acid [(E)-2-chloro-1-(2,4-dichlorophenyl)vinyl] diethyl ester (chlorfenvinphos)"	-7.1																																																																																									
ethyl 2-(4-chloro-6-methoxypyrimidin-2-ylcarbamoylsulfamoyl)benzoate (chlorimuron ethyl)	-14.0																																																																																									
trichloro(nitro)methane (chloropicrin)	-1.5																																																																																									
"O,O-diethyl O-3,5,6-trichloro-2-pyridyl phosphorothioate (chlorpyrifos)"	-5.0																																																																																									
"S-(RS)-2-chloro-1-phthalimidoethyl O,O-diethyl phosphorodithioate (dialifor)"	-5.7																																																																																									
diethoxy-[(2-isopropyl-6-methyl-4-pyrimidinyl)oxy]-thioxophosphorane (diazinon)	-6.5																																																																																									
"3,6-dichloro-2-methoxybenzoic acid (dicamba)"	-9.9																																																																																									
"(RS)-2-sec-butyl-4,6-dinitrophenol (dinoseb)"	-6.2																																																																																									
"methyl 2-(4-methoxy-6-methyl-1,3,5-triazin-2-ylcarbamoylsulfamoyl)benzoate (metsulfuron methyl)"	-15.5																																																																																									
"6,7,8,9,10,10-hexachloro-1,5,5a,6,9,9a-hexahydro-6,9-methano-2,4,3-benzodioxathiepine-3-oxide (endosulfan alpha)"	-4.2																																																																																									
"(1R,4S,4aS,5S,6S,7R,8R,8aR)-1,2,3,4,10,10-hexachloro-1,4,4a,5,6,7,8,8a-octahydro-6,7-epoxy-1,4:5,8-dimethanonaphthalene (endrin)"	-5.5																																																																																									
"O,O,O',O'-tetraethyl S,S'-methylene bis(phosphorodithioate) (ethion)"	-6.1																																																																																									
"1,4,5,6,7,8,8-heptachloro-3a,4,7,7a-tetrahydro-4,7-methanoindene (heptachlor)"	-2.6																																																																																									
"3,5,5-trimethyl-2-cyclohexen-1-one (isophorone)"	-5.2																																																																																									
"1,2,3,4,5,6-hexachlorocyclohexane (lindane)"	-5.4																																																																																									
2-(dimethoxyphosphinothioylthio) butanedioic acid diethyl ester (malathion)	-8.2																																																																																									
N-methylcarbamic acid [1-(methylthio)ethylideneamino] ester (methomyl)	-10.7																																																																																									
"S-4-chlorophenylthiomethyl O,O-diethyl phosphorodithioate (carbophenothion)"	-6.5																																																																																									
dimethylsulfoxide																																																																	-7.63																									
dimethyl methylphosphonate			-5.43																																																																																							
"cis-1,2-dimethylcyclohexane"	1.58																																																																																									
chloroethene	-0.59																																																																																									
"3,aminoaniline"	-9.92																																																																																									
"1,1-dimethylhydrazine"	-4.48																																																																																									
"N,N-dimethylaniline"	-3.58																																																																																									
chlorotoluene	-1.92																																																																																									
o-chlorotoluene	-1.15																																																																																									
N-ethylaniline	-4.62																																																																																									
aniline 	-5.49																																																																																									
triethylamine																																																																					-4.44																					
piperidine  	-5.11																																																																																									
"N,N'-dimethylpiperazine"	-7.58																																																																																									
N-methylpiperazine	-7.77																																																																																									
pyrrolidine	-5.48																																																																																									
azetidine	-5.56																																																																																									
benzylalcohol																																																	-8.61																																									
butenyne	0.04																																																																																									
carbontet						-4.35																																																																																				
dichloroethane														-4.69																																																																												
2-chloropentane	0.07																																																																																									
3-ethyl-2-methoxypyrazine		-6.85																																																																																								
1-fluorooctane			-5.25																																																																																							
fluoromethane	-0.22																																																																																									
hexafluoroethane	3.94																																																																																									
octafluoropropane	4.28																																																																																									
N-methylmorpholine	-6.34																																																																																									
perfluorobenzene																																-4.42																																																										
chloromethane	-0.56																																																																																									
2-methoxyethanamine	-6.55																																																																																									
1-chloropentane	0.07																																																																																									
2-pyrrolidinone		-8.85																																																																																								
Z-N-methylacetamide	-10.0																																																																																									
E-N-methylacetamide	-10.0																																																																																									
"1,2-ethanediamine"	-9.72																																																																																									
"1,1,1,2-tetrachloroethane"	-1.15																																																																																									
hexachloroethane	-1.4																																																																																									
2-chlorobutane	0.07																																																																																									
ethyl peroxide	-5.32																																																																																									
methyl peroxide	-5.28																																																																																									
methyl octanoate	-2.04																																																																																									
m-xylene 	-0.84																																																																																									
tetralin																																																								-7.55																																		
trimethylbenzene																																											-6.47																																															
mesitylene																																																															-6.4																											
tbutylbenzene																																					-6.43																																																					
butylbenzene																																																-6.86																																										
isopropylbenzene																													-6.04																																																													
chrysene			-14.1																																																																																							
o-xylene 	-0.9																																																																																									
isopropanol 	-4.76																																																																																									
toluene 	-0.89																																																																																									
carbondisulfide																																	-3.95																																																									
bis(2-chloroethyl)sulfide	-3.92																																																																																									
"2,6-dichlorothiobenzamide"	-10.81																																																																																									
1-fluorohexane			-4.03																																																																																							
phosphine	0.6																																																																																									
cyclopentene	0.56																																																																																									
methanethiol	-1.24																																																																																									
isobutanol																														-5.79																																																												
ethyloctadecanoate			-13.69																																																																																							
t-butyl methyl ether		-3.49																																																																																								
cyclohexanone																																																						-6.25																																				
4-methyl-2-pentanone																																								-5.23																																																		
chlorofluoromethane	-0.77																																																																																									
1-bromo-2-chloroethane	-1.95																																																																																									
dibutylether																																		-5.76																																																								
"1-chloro-2,2,2-trifluoroethane"	0.06																																																																																									
anisole 	-2.45																																																																																									
t-butyl methyl ether 	-2.21																																																																																									
secbutanol																																																									-5.48																																	
chloropentaflouroethane	2.86																																																																																									
"1-chloro-2,2,2-trifluoroethyl difluoromethyl ether"	0.11																																																																																									
methyl isopropyl ether		-4.64																																																																																								
methyl isopropyl ether 	-2.01																																																																																									
diethyl ether 	-1.76																																																																																									
1-nonanol																																																			-9.05																																							
"(2-dimethylamino-5,6-dimethyl-pyrimidin-4-yl) N,N-dimethylcarbamate (pirimor, pirimicarb)"	-9.4																																																																																									